company_id,year,revenue,net_income,total_assets,total_equity,total_liabilities,cfo,cogs,inventory,receivables,current_assets,current_liabilities,short_term_debt,long_term_debt,pretax_income,interest_expense,gross_margin,operating_margin,net_margin,roa,roe,current_ratio,debt_to_equity,interest_coverage,cfo_to_net_income,inventory_turnover,receivables_days
4f339c3e-efef-43c4-ac16-334961610d1a,2023,290.0,65.0,283.0,152.0,340.0,202000000.0,202000000000.0,540000000.0,,197.0,,,,,,2.0,0.10344827586206896,0.22413793103448276,0.22968197879858657,0.4276315789473684,,,,3107692.3076923075,374.0740740740741,
4f339c3e-efef-43c4-ac16-334961610d1a,2024,295.0,180.0,246.0,165.0,,,,,,151.0,,,,,,2.0,0.15254237288135594,0.6101694915254238,0.7317073170731707,1.0909090909090908,,,,,,
4f339c3e-efef-43c4-ac16-334961610d1a,2025,285.0,180.0,,,,,,,,,,,,,,2.0,0.17543859649122806,0.631578947368421,,,,,,,,
4f339c3e-efef-43c4-ac16-334961610d1a,2026,,180.0,,,,,,,,,,,,,,,,,,,,,,,,
54ca0f37-14b3-4dd4-916e-bb79fd09d23c,2022,13.0,202.0,80.0,212.0,80.0,0.0,4.0,2.0,208.0,1000000.0,22.0,369.0,202.0,1.5,9.2,,6.153846153846154,15.538461538461538,2.525,0.9528301886792453,45454.545454545456,2.693396226415094,1.1630434782608696,,2.0,5840.0
54ca0f37-14b3-4dd4-916e-bb79fd09d23c,2023,13000000000.0,318000000000.0,4000000000.0,421.0,10.0,202.0,31.0,79000000.0,131.0,24000000000.0,26.0,110000000.0,24000000000.0,289.0,13.6,,4.823076923076923e-08,24.46153846153846,79.5,755344418.0522566,923076923.0769231,57268408.55106889,22.250000000000004,6.352201257861636e-10,3.9240506329113924e-07,3.6780769230769235e-06
de062237-bfb9-4a3b-aa4b-8868f7d6c91c,2023,550.0,68.75,800.0,550.0,250000000.0,85.0,300000000.0,80000000.0,,415.0,250.0,,,,,0.45454545454545453,0.125,0.125,0.0859375,0.125,1.66,,,1.2363636363636363,3.75,
de062237-bfb9-4a3b-aa4b-8868f7d6c91c,2024,500.0,62.5,420.0,450.0,,,,,,125.0,150.0,,,,,0.45,0.125,0.125,0.1488095238095238,0.1388888888888889,0.8333333333333334,,,,,
de062237-bfb9-4a3b-aa4b-8868f7d6c91c,2025,450.0,55.0,33.3,22.2,,,,,,,66.7,,,,,0.4444444444444444,0.12222222222222222,0.12222222222222222,1.6516516516516517,2.4774774774774775,,,,,,
