company_id,year,cost_of_goods_sold,eps_basic,eps_diluted,gross_profit,income_tax,interest_expense,net_income,operating_expenses,operating_income,pretax_income,revenue
4f339c3e-efef-43c4-ac16-334961610d1a,2023,202000000000.0,,,580.0,,,65.0,15000000.0,30.0,,290.0
4f339c3e-efef-43c4-ac16-334961610d1a,2024,,,,590.0,,,180.0,,45.0,,295.0
4f339c3e-efef-43c4-ac16-334961610d1a,2025,,,,570.0,,,180.0,,50.0,,285.0
4f339c3e-efef-43c4-ac16-334961610d1a,2026,,,,,,,180.0,,,,
54ca0f37-14b3-4dd4-916e-bb79fd09d23c,2022,4.0,332.0,272.0,,-147.0,9.2,202.0,500000000.0,80.0,1.5,13.0
54ca0f37-14b3-4dd4-916e-bb79fd09d23c,2023,31.0,81.95,81.88,,-51.26,13.6,318000000000.0,11.0,627.0,289.0,13000000000.0
de062237-bfb9-4a3b-aa4b-8868f7d6c91c,2023,300000000.0,,,250.0,0.0,,68.75,,68.75,,550.0
de062237-bfb9-4a3b-aa4b-8868f7d6c91c,2024,,,,225.0,0.0,,62.5,,62.5,,500.0
de062237-bfb9-4a3b-aa4b-8868f7d6c91c,2025,,,,200.0,0.0,,55.0,,55.0,,450.0
